weekday,weekday_ko,rank,webtoon_title,webtoon_url,webtoon_title_id,collected_at_kst,webtoon_author,adult_or_login_required,author_collect_status,serial_weekday_text,serial_weekdays,weekday_list,series_search_rank,series_title,series_title_raw,series_episode_info,series_total_episode_count,series_completion_status,series_author,series_author_raw,series_url,series_product_no,series_result_text,is_compilation,has_total_episode_info,match_score,match_reason,match_status,selected_rule,checked_candidate_count,series_download_text,series_download_count,download_status,mapping_source,needs_series_recheck,mapping_updated_at_kst
mon,월,2,신체,https://comic.naver.com/webtoon/list?titleId=844058&tab=mon,844058,2026-06-29 13:06:01,,True,login_or_adult_required,,mon,mon,1.0,19금 신체,19금 신체 (총 38화/미완결),총 38화/미완결,38.0,미완결,평점 9.8 | 엄세윤 정썸머 | 2026.06.14. | 총38화/미완결 | 33화 무료,평점 9.8 | 엄세윤 정썸머 | 2026.06.14. | 총38화/미완결 | 33화 무료,https://series.naver.com/comic/detail.series?productNo=13285897,13285897,"19금 신체 (총 38화/미완결)
평점
9.8 | 엄세윤 정썸머 | 2026.06.14. | 총38화/미완결 | 33화 무료",False,True,105,"title_contains,bonus_total_episode_info,bonus_rank_1",review_needed,non_compilation_but_download_not_ok,6,,,not_found,reused_existing_product_no,False,2026-06-29 13:48:27
mon,월,14,그린스킨,https://comic.naver.com/webtoon/list?titleId=851187&tab=mon,851187,2026-06-29 13:06:01,,True,login_or_adult_required,,mon,mon,1.0,그린스킨,그린스킨 (총 7화/미완결),총 7화/미완결,7.0,미완결,"평점 8.4 | 승기사, 흙수저 파김치 | 2026.06.14. | 총7화/미완결 | 3화 무료","평점 8.4 | 승기사, 흙수저 파김치 | 2026.06.14. | 총7화/미완결 | 3화 무료",https://series.naver.com/comic/detail.series?productNo=14212275,14212275,"그린스킨 (총 7화/미완결)
평점
8.4 | 승기사, 흙수저 파김치 | 2026.06.14. | 총7화/미완결 | 3화 무료
이세계에서 10년을 버텼다. 하지만 돌아온 건 배신과 죽음. 다시눈을 뜬 순간, 나는 인간이 아닌 고블린이 되어 있었다",False,True,105,"title_contains,bonus_total_episode_info,bonus_rank_1",review_needed,non_compilation_but_download_not_ok,1,,,not_found,reused_existing_product_no,False,2026-06-29 13:48:27
mon,월,22,망플루언서,https://comic.naver.com/webtoon/list?titleId=850526&tab=mon,850526,2026-06-29 13:06:02,,True,login_or_adult_required,,mon,mon,1.0,망플루언서,망플루언서 (총 12화/미완결),총 12화/미완결,12.0,미완결,평점 10.0 | 망순 망순 | 2026.06.14. | 총12화/미완결 | 6화 무료,평점 10.0 | 망순 망순 | 2026.06.14. | 총12화/미완결 | 6화 무료,https://series.naver.com/comic/detail.series?productNo=14140191,14140191,"망플루언서 (총 12화/미완결)
평점
10.0 | 망순 망순 | 2026.06.14. | 총12화/미완결 | 6화 무료
대중의 관심을 먹고 사는 빛나는 직업 '인플루언서!'보여지는 모습과 달리 그들의 숨겨진 추악한 비밀들을 폭로하는 유명 렉카 너튜브 채널 '셀럽 쓰레기통'그 채널을 운영하는 두 여자, 선미와 주원의 이야기.""거짓으로 돈을 ..",False,True,105,"title_contains,bonus_total_episode_info,bonus_rank_1",review_needed,non_compilation_but_download_not_ok,1,,,not_found,reused_existing_product_no,False,2026-06-29 13:48:27
mon,월,45,피폐물을 힐링물로 만드는 방법,https://comic.naver.com/webtoon/list?titleId=826381&tab=mon,826381,2026-06-29 13:06:02,,True,login_or_adult_required,,mon,mon,1.0,피폐물을 힐링물로 만드는 방법,피폐물을 힐링물로 만드는 방법 (총 84화/미완결),총 84화/미완결,84.0,미완결,"평점 9.9 | 류호, 황도톨 양담 | 2026.06.14. | 총84화/미완결 | 78화 무료","평점 9.9 | 류호, 황도톨 양담 | 2026.06.14. | 총84화/미완결 | 78화 무료",https://series.naver.com/comic/detail.series?productNo=11152272,11152272,"피폐물을 힐링물로 만드는 방법 (총 84화/미완결)
평점
9.9 | 류호, 황도톨 양담 | 2026.06.14. | 총84화/미완결 | 78화 무료
[살아생전 즐겨보던 소설에 환생했다.] 너무 진부하다구요? 아닐 걸요!왜냐면 그 소설이... 19금 피폐물이거든요...! ̗̀(ꀬ⏖ꀬ∴)예쁘고 상냥한 여주인공의 동생으로 환생했지만, 언니의 새드엔딩을 지켜볼 수 없었던 레나티..",False,True,105,"title_contains,bonus_total_episode_info,bonus_rank_1",matched,first_non_compilation_numeric_download,1,216.7만,2167000.0,ok,reused_existing_product_no,False,2026-06-29 13:48:27
mon,월,57,페일 블루 아이즈,https://comic.naver.com/webtoon/list?titleId=849898&tab=mon,849898,2026-06-29 13:06:03,,True,login_or_adult_required,,mon,mon,1.0,페일 블루 아이즈,페일 블루 아이즈 (총 13화/미완결),총 13화/미완결,13.0,미완결,"평점 9.9 | LICO, 피숙혜 당도삼십 | 2026.06.14. | 총13화/미완결 | 9화 무료","평점 9.9 | LICO, 피숙혜 당도삼십 | 2026.06.14. | 총13화/미완결 | 9화 무료",https://series.naver.com/comic/detail.series?productNo=14051143,14051143,"페일 블루 아이즈 (총 13화/미완결)
평점
9.9 | LICO, 피숙혜 당도삼십 | 2026.06.14. | 총13화/미완결 | 9화 무료
주은은 자신을 늘 외롭게 만드는 가족을 떠나 홀연히 영국으로 향한다. 그곳에서 만난 창백한 푸른눈의 남자, 에덴. 조악한 문신으로 온몸을 뒤덮은, 쓰레기 같은 펑크를 노래하는, 주변의 모든 여자를 열병에 들끓게 만드는, 하..",False,True,105,"title_contains,bonus_total_episode_info,bonus_rank_1",review_needed,non_compilation_but_download_not_ok,1,,,not_found,reused_existing_product_no,False,2026-06-29 13:48:27
mon,월,75,누가 죄인인가,https://comic.naver.com/webtoon/list?titleId=846782&tab=mon,846782,2026-06-29 13:06:03,,True,login_or_adult_required,,mon,mon,1.0,누가 죄인인가,누가 죄인인가 (총 25화/미완결),총 25화/미완결,25.0,미완결,평점 10.0 | 이승우 이승우 | 2026.06.14. | 총25화/미완결 | 18화 무료,평점 10.0 | 이승우 이승우 | 2026.06.14. | 총25화/미완결 | 18화 무료,https://series.naver.com/comic/detail.series?productNo=13634954,13634954,"누가 죄인인가 (총 25화/미완결)
평점
10.0 | 이승우 이승우 | 2026.06.14. | 총25화/미완결 | 18화 무료
""나의 아버지는 악마로 만들어졌다.""연쇄살인마 '허욱열'의 딸로서 30년간 지옥 같은 삶을 살아온 일류 청부업자 '허예주' 오늘날 허욱열의 무고가 밝혀지게 되지만 이들은 여전히 지옥 속에 살고 있고 예주는자신과 같이 지옥 ..",False,True,105,"title_contains,bonus_total_episode_info,bonus_rank_1",review_needed,non_compilation_but_download_not_ok,1,,,not_found,reused_existing_product_no,False,2026-06-29 13:48:27
tue,화,3,오! 나의 교주님,https://comic.naver.com/webtoon/list?titleId=841624&tab=tue,841624,2026-06-29 13:06:05,,True,login_or_adult_required,,"tue,fri","tue,fri",1.0,오! 나의 교주님,오! 나의 교주님 (총 94화/미완결),총 94화/미완결,94.0,미완결,"평점 9.4 | 김꿀빨, 김완두 김꿀빨, 김완두 | 2026.06.18. | 총94화/미완결 | 89화 무료","평점 9.4 | 김꿀빨, 김완두 김꿀빨, 김완두 | 2026.06.18. | 총94화/미완결 | 89화 무료",https://series.naver.com/comic/detail.series?productNo=12998643,12998643,"오! 나의 교주님 (총 94화/미완결)
평점
9.4 | 김꿀빨, 김완두 김꿀빨, 김완두 | 2026.06.18. | 총94화/미완결 | 89화 무료
사이비 종교 ‘진천교’에서 태어나 평생을 그곳에서 살아온 한성민. 그는 결국 모든 것을 잃고 홀로 탈출한다.수년 후, 성인이 된 그는 다시 진천교에 잠입해 처절한 복수를 시작하려 한다.“오, 나의 교주님. 제가 보내드릴게..",False,True,105,"title_contains,bonus_total_episode_info,bonus_rank_1",review_needed,non_compilation_but_download_not_ok,1,,,not_found,reused_existing_product_no,False,2026-06-29 13:48:27
tue,화,7,예쁨 컬렉션,https://comic.naver.com/webtoon/list?titleId=844519&tab=tue,844519,2026-06-29 13:06:05,,True,login_or_adult_required,,tue,tue,1.0,19금 예쁨 컬렉션,19금 예쁨 컬렉션 (총 35화/미완결),총 35화/미완결,35.0,미완결,평점 9.9 | 김이연 김이연 | 2026.06.15. | 총35화/미완결 | 30화 무료,평점 9.9 | 김이연 김이연 | 2026.06.15. | 총35화/미완결 | 30화 무료,https://series.naver.com/comic/detail.series?productNo=13365963,13365963,"19금 예쁨 컬렉션 (총 35화/미완결)
평점
9.9 | 김이연 김이연 | 2026.06.15. | 총35화/미완결 | 30화 무료",False,True,105,"title_contains,bonus_total_episode_info,bonus_rank_1",review_needed,non_compilation_but_download_not_ok,1,,,not_found,reused_existing_product_no,False,2026-06-29 13:48:27
tue,화,10,포그랜드,https://comic.naver.com/webtoon/list?titleId=843116&tab=tue,843116,2026-06-29 13:06:05,,True,login_or_adult_required,,tue,tue,1.0,포그랜드,포그랜드 (총 44화/미완결),총 44화/미완결,44.0,미완결,평점 10.0 | POGO POGO | 2026.06.15. | 총44화/미완결 | 38화 무료,평점 10.0 | POGO POGO | 2026.06.15. | 총44화/미완결 | 38화 무료,https://series.naver.com/comic/detail.series?productNo=13177080,13177080,"포그랜드 (총 44화/미완결)
평점
10.0 | POGO POGO | 2026.06.15. | 총44화/미완결 | 38화 무료
존재만으로도 미스터리한 국제 교도소 포그랜드.죄수 교화 목적으로 파견된 과학교사 단테 강은 한순간의 폭동 속에 포그랜드에 갇히게 된다.탈출하는 방법은 영도자가 되는 길 뿐.무너진 이성과 신성을 목도하라!단테의 아홉 ..",False,True,105,"title_contains,bonus_total_episode_info,bonus_rank_1",review_needed,non_compilation_but_download_not_ok,1,,,not_found,reused_existing_product_no,False,2026-06-29 13:48:27
tue,화,28,나쁜남자가 돼라!,https://comic.naver.com/webtoon/list?titleId=847491&tab=tue,847491,2026-06-29 13:06:05,,True,login_or_adult_required,,tue,tue,1.0,나쁜남자가 돼라!,나쁜남자가 돼라! (총 28화/미완결),총 28화/미완결,28.0,미완결,평점 9.9 | 이연 자개 | 2026.06.15. | 총28화/미완결 | 20화 무료,평점 9.9 | 이연 자개 | 2026.06.15. | 총28화/미완결 | 20화 무료,https://series.naver.com/comic/detail.series?productNo=13704125,13704125,"나쁜남자가 돼라! (총 28화/미완결)
평점
9.9 | 이연 자개 | 2026.06.15. | 총28화/미완결 | 20화 무료
구남친에 대한 트라우마로 나쁜남자 취향을 가지게 된 수연은 현재의 남자친구에게 약간의 불만을 느끼지만 잘 지내고 있다.그러던 어느 날, 남자친구의 몸에 수연의 취향 그 자체인 '나쁜 남자'가 빙의하는데…이 저주. 풀어줘..",False,True,105,"title_contains,bonus_total_episode_info,bonus_rank_1",review_needed,non_compilation_but_download_not_ok,1,,,not_found,reused_existing_product_no,False,2026-06-29 13:48:27
tue,화,36,분신,https://comic.naver.com/webtoon/list?titleId=845407&tab=tue,845407,2026-06-29 13:06:06,,True,login_or_adult_required,,tue,tue,1.0,분신으로 자동사냥 [독점],분신으로 자동사냥 [독점] (총 176화/완결),총 176화/완결,176.0,완결,평점 9.7 | 차씨 오팔 | 2025.12.27. | 총176화/완결 | 7화 무료,평점 9.7 | 차씨 오팔 | 2025.12.27. | 총176화/완결 | 7화 무료,https://series.naver.com/comic/detail.series?productNo=8833786,8833786,"분신으로 자동사냥 [독점] (총 176화/완결)
평점
9.7 | 차씨 오팔 | 2025.12.27. | 총176화/완결 | 7화 무료
일해야 하고, 공부도 해야 하고, 밥도 먹어야 하고.‘왜 사람은 한 번에 한 가지 일밖에 못 하는 걸까.’상우는 항상 자신의 몸이 두 개였으면 좋겠다고 생각했다...그랬더니 몸이 두 개가 되었다.",False,True,105,"title_contains,bonus_total_episode_info,bonus_rank_1",matched,first_non_compilation_numeric_download,1,"1,022만",10220000.0,ok,reused_existing_product_no,False,2026-06-29 13:48:27
tue,화,42,화분,https://comic.naver.com/webtoon/list?titleId=851671&tab=tue,851671,2026-06-29 13:06:06,,True,login_or_adult_required,,tue,tue,1.0,화분,화분 (총 5화/미완결),총 5화/미완결,5.0,미완결,평점 10.0 | 쿼시 쿼시 | 2026.06.15. | 총5화/미완결 | 1화 무료,평점 10.0 | 쿼시 쿼시 | 2026.06.15. | 총5화/미완결 | 1화 무료,https://series.naver.com/comic/detail.series?productNo=14284647,14284647,"화분 (총 5화/미완결)
평점
10.0 | 쿼시 쿼시 | 2026.06.15. | 총5화/미완결 | 1화 무료
버림받는 것이 무서운 여자와 그런 그녀가 무섭게 느껴지는 남자. 오래된 인연으로 시작된 사랑은 다정함의 얼굴을 한 집착이 되어, 두 사람의 일상과 마음을 서서히 갉아먹어 간다.우리 사랑은, 어디서부터 잘못된거지..?",False,True,105,"title_contains,bonus_total_episode_info,bonus_rank_1",review_needed,non_compilation_but_download_not_ok,1,,,not_found,reused_existing_product_no,False,2026-06-29 13:48:27
tue,화,50,원수의 아기를 가졌다,https://comic.naver.com/webtoon/list?titleId=846110&tab=tue,846110,2026-06-29 13:06:06,,True,login_or_adult_required,,tue,tue,1.0,원수의 아기를 가졌다,원수의 아기를 가졌다 (총 30화/미완결),총 30화/미완결,30.0,미완결,"평점 9.7 | 미니바라기, 안지 이삼 | 2026.06.15. | 총30화/미완결 | 25화 무료","평점 9.7 | 미니바라기, 안지 이삼 | 2026.06.15. | 총30화/미완결 | 25화 무료",https://series.naver.com/comic/detail.series?productNo=13567690,13567690,"원수의 아기를 가졌다 (총 30화/미완결)
평점
9.7 | 미니바라기, 안지 이삼 | 2026.06.15. | 총30화/미완결 | 25화 무료
서로를 끔찍하게 혐오하는 두 가문 버몬테와 템네스.클로델은 강제 화해를 위한 희생양이 되어 템네스 공작 카이안의 신부가 된다.“템네스의 환영을 받지 못하는 신부로군. 주제를 알고 제 발로 걸어들어오라지.”오랜 반목을 ..",False,True,105,"title_contains,bonus_total_episode_info,bonus_rank_1",review_needed,non_compilation_but_download_not_ok,1,,,not_found,reused_existing_product_no,False,2026-06-29 13:48:27
tue,화,80,포 더 퀸덤,https://comic.naver.com/webtoon/list?titleId=812414&tab=tue,812414,2026-06-29 13:06:07,,True,login_or_adult_required,,tue,tue,1.0,포 더 퀸덤,포 더 퀸덤 (총 128화/미완결),총 128화/미완결,128.0,미완결,평점 9.0 | 로즈옹 로즈옹 | 2026.06.15. | 총128화/미완결 | 123화 무료,평점 9.0 | 로즈옹 로즈옹 | 2026.06.15. | 총128화/미완결 | 123화 무료,https://series.naver.com/comic/detail.series?productNo=9895056,9895056,"포 더 퀸덤 (총 128화/미완결)
평점
9.0 | 로즈옹 로즈옹 | 2026.06.15. | 총128화/미완결 | 123화 무료
악마 아벨은 인간 여자 연리에게 사랑하는 형, 카인을 잃고 만다.분노에 가득 차 연리를 찾아간 아벨은 사랑에 빠지는 금총알을 맞게 되면서, 연리에게 끓어오르는 사랑을 느끼게 되는데…그는 과연 형제의 복수를 택할 것인가..",False,True,105,"title_contains,bonus_total_episode_info,bonus_rank_1",review_needed,non_compilation_but_download_not_ok,2,,,not_found,reused_existing_product_no,False,2026-06-29 13:48:27
tue,화,100,연애 못하면 사망,https://comic.naver.com/webtoon/list?titleId=834175&tab=tue,834175,2026-06-29 13:06:07,,True,login_or_adult_required,,tue,tue,1.0,연애 못하면 사망,연애 못하면 사망 (총 85화/미완결),총 85화/미완결,85.0,미완결,평점 10.0 | 홍치 홍치 | 2026.06.15. | 총85화/미완결 | 80화 무료,평점 10.0 | 홍치 홍치 | 2026.06.15. | 총85화/미완결 | 80화 무료,https://series.naver.com/comic/detail.series?productNo=11845281,11845281,"연애 못하면 사망 (총 85화/미완결)
평점
10.0 | 홍치 홍치 | 2026.06.15. | 총85화/미완결 | 80화 무료
111세 덕순 F&B의 회장 김덕순은 죽기 직전 마지막 소원으로 첫사랑 왕종열과의 불꽃 같은 사랑을 하게 해달라 빌고 25세 김도희라는 여자의 몸에서 깨어난다. 그러나 마지막 소원을 이루기 위해 종열을 향해 달려가던 덕순..",False,True,145,"title_contains,author_exact_or_contains,bonus_total_episode_info,bonus_rank_1",matched,first_non_compilation_numeric_download,1,37만,370000.0,ok,reused_existing_product_no,False,2026-06-29 13:48:27
wed,수,10,썰:관계주의,https://comic.naver.com/webtoon/list?titleId=834033&tab=wed,834033,2026-06-29 13:06:08,,True,login_or_adult_required,,wed,wed,1.0,썰:관계주의,썰:관계주의 (총 87화/미완결),총 87화/미완결,87.0,미완결,평점 10.0 | 이삼 장버들 | 2026.06.16. | 총87화/미완결 | 83화 무료,평점 10.0 | 이삼 장버들 | 2026.06.16. | 총87화/미완결 | 83화 무료,https://series.naver.com/comic/detail.series?productNo=11802777,11802777,"썰:관계주의 (총 87화/미완결)
평점
10.0 | 이삼 장버들 | 2026.06.16. | 총87화/미완결 | 83화 무료
여러 상가가 들어서 있는 강남의 유명타워. 이야기는 유명타워의 한 피부과 안내 데스크 직원 강지영으로부터 시작된다. 동료이자 유부남 의사와 만남을 이어가던 지영은 그에게 또 다른 불륜 상대가 있음을 눈치 채는데 그 상..",False,True,105,"title_contains,bonus_total_episode_info,bonus_rank_1",review_needed,non_compilation_but_download_not_ok,1,,,not_found,reused_existing_product_no,False,2026-06-29 13:48:27
wed,수,12,싸이코패스 in 무림,https://comic.naver.com/webtoon/list?titleId=846109&tab=wed,846109,2026-06-29 13:06:08,,True,login_or_adult_required,,wed,wed,1.0,싸이코패스 in 무림[독점],싸이코패스 in 무림[독점] (총 32화/미완결),총 32화/미완결,32.0,미완결,"평점 9.8 | 김언, 곤붕 송범규 | 2026.06.16. | 총32화/미완결 | 26화 무료","평점 9.8 | 김언, 곤붕 송범규 | 2026.06.16. | 총32화/미완결 | 26화 무료",https://series.naver.com/comic/detail.series?productNo=13566546,13566546,"싸이코패스 in 무림[독점] (총 32화/미완결)
평점
9.8 | 김언, 곤붕 송범규 | 2026.06.16. | 총32화/미완결 | 26화 무료
[진정한 강자들의 세상, 무림 온라인에 오신 걸 환영합니다.]무림에 떨어진 희대의 싸이코패스.음모와 악의가 가득한 무림에 동봉수, 그의 무정한 이빨이 드리운다.",False,True,105,"title_contains,bonus_total_episode_info,bonus_rank_1",review_needed,non_compilation_but_download_not_ok,1,,,not_found,reused_existing_product_no,False,2026-06-29 13:48:27
wed,수,16,유쾌한 신,https://comic.naver.com/webtoon/list?titleId=846053&tab=wed,846053,2026-06-29 13:06:08,,True,login_or_adult_required,,"wed,sun","wed,sun",2.0,당신의 유쾌한 주말,당신의 유쾌한 주말 (총 19화/미완결),총 19화/미완결,19.0,미완결,평점 9.4 | 김수영 김수영 | 2010.04.20. | 총19화/미완결,평점 9.4 | 김수영 김수영 | 2010.04.20. | 총19화/미완결,https://series.naver.com/comic/detail.series?productNo=57402,57402,"당신의 유쾌한 주말 (총 19화/미완결)
평점
9.4 | 김수영 김수영 | 2010.04.20. | 총19화/미완결
화창한 토욜 인형을 잔뜩 가지고 나온 남자는 오는 손님 쫓고 가는 손님은 거들 떠 보지도 않는다. 사실 이 남자는 인형 만들기에 빠져 연재가 짤린 만화가였으니...",False,True,30,"bonus_total_episode_info,bonus_rank_2",matched,first_non_compilation_numeric_download,2,3.8천,3800.0,ok,reused_existing_product_no,False,2026-06-29 13:48:27
wed,수,35,표절의혹,https://comic.naver.com/webtoon/list?titleId=846106&tab=wed,846106,2026-06-29 13:06:09,,True,login_or_adult_required,,wed,wed,1.0,표절의혹,표절의혹 (총 29화/미완결),총 29화/미완결,29.0,미완결,평점 9.4 | 김칸비 황영찬 | 2026.06.16. | 총29화/미완결 | 24화 무료,평점 9.4 | 김칸비 황영찬 | 2026.06.16. | 총29화/미완결 | 24화 무료,https://series.naver.com/comic/detail.series?productNo=13575121,13575121,"표절의혹 (총 29화/미완결)
평점
9.4 | 김칸비 황영찬 | 2026.06.16. | 총29화/미완결 | 24화 무료
살인사건 피해자들의 시신을 예술품처럼 사고파는 인간성을 잃은 자들, 그리고 그런 예술 살인을 저지르는 ‘자학’이라는 연쇄살인마가 세간의 화제가 되고 있다. 한 예술가는 이 상황에 분노해 자학을 추적하기 시작하는데.....",False,True,105,"title_contains,bonus_total_episode_info,bonus_rank_1",review_needed,non_compilation_but_download_not_ok,1,,,not_found,reused_existing_product_no,False,2026-06-29 13:48:27
wed,수,37,끝장,https://comic.naver.com/webtoon/list?titleId=844588&tab=wed,844588,2026-06-29 13:06:09,,True,login_or_adult_required,,wed,wed,2.0,떨어지면 끝장,떨어지면 끝장 (총 70화/완결),총 70화/완결,70.0,완결,평점 9.7 | Keiko Suenobu Keiko Suenobu | 2024.04.12. | 총70화/완결 | 3화 무료,평점 9.7 | Keiko Suenobu Keiko Suenobu | 2024.04.12. | 총70화/완결 | 3화 무료,https://series.naver.com/comic/detail.series?productNo=6039213,6039213,"떨어지면 끝장 (총 70화/완결)
평점
9.7 | Keiko Suenobu Keiko Suenobu | 2024.04.12. | 총70화/완결 | 3화 무료
“떨어지면 끝장이야.”그토록 바라던 신축 초고층 아파트에 입주하게 된 주부 아스미.같은 아파트에 거주하며 아이들 유치원도 같은 세 명의 맘 친구가 생긴다.행복 가득한 새로운 생활이 펼쳐지리라 기대했지만, 어떤 인물과..",False,True,100,"title_contains,bonus_total_episode_info,bonus_rank_2",matched,first_non_compilation_numeric_download,2,3.9만,39000.0,ok,reused_existing_product_no,False,2026-06-29 13:48:27
wed,수,47,탐:공포단편,https://comic.naver.com/webtoon/list?titleId=846556&tab=wed,846556,2026-06-29 13:06:09,,True,login_or_adult_required,,"wed,sat","wed,sat",1.0,탐:공포단편,탐:공포단편 (총 53화/미완결),총 53화/미완결,53.0,미완결,평점 9.1 | 주폴 공 | 2026.06.09. | 총53화/미완결 | 47화 무료,평점 9.1 | 주폴 공 | 2026.06.09. | 총53화/미완결 | 47화 무료,https://series.naver.com/comic/detail.series?productNo=13584339,13584339,"탐:공포단편 (총 53화/미완결)
평점
9.1 | 주폴 공 | 2026.06.09. | 총53화/미완결 | 47화 무료
탐은 안에서 자란다. 그리고 언젠가는 얼굴을 드러낸다. 당신이 고른 그 이야기 속에는 무엇이 기다릴까?",False,True,105,"title_contains,bonus_total_episode_info,bonus_rank_1",review_needed,non_compilation_but_download_not_ok,1,,,not_found,reused_existing_product_no,False,2026-06-29 13:48:27
wed,수,78,일곱 번째 의뢰인,https://comic.naver.com/webtoon/list?titleId=850210&tab=wed,850210,2026-06-29 13:06:10,,True,login_or_adult_required,,wed,wed,1.0,일곱 번째 의뢰인,일곱 번째 의뢰인 (총 14화/미완결),총 14화/미완결,14.0,미완결,평점 10.0 | 함영서 함영서 | 2026.06.16. | 총14화/미완결 | 9화 무료,평점 10.0 | 함영서 함영서 | 2026.06.16. | 총14화/미완결 | 9화 무료,https://series.naver.com/comic/detail.series?productNo=14102285,14102285,"일곱 번째 의뢰인 (총 14화/미완결)
평점
10.0 | 함영서 함영서 | 2026.06.16. | 총14화/미완결 | 9화 무료
어린 탐정 맥스는 아무도 주목하지 않는 도박 업자의 죽음을 조사하라는 의뢰를 받는다. 의뢰인이 용의자로 지목한 도박 업자의 아내 제인. 맥스는 그녀를 향한 의심과 이끌림 사이에서 갈등하는데. 제인은 결백한가, 살인자인..",False,True,105,"title_contains,bonus_total_episode_info,bonus_rank_1",review_needed,non_compilation_but_download_not_ok,1,,,not_found,reused_existing_product_no,False,2026-06-29 13:48:27
thu,목,5,소꿉친구 컴플렉스,https://comic.naver.com/webtoon/list?titleId=822640&tab=thu,822640,2026-06-29 13:06:11,,True,login_or_adult_required,,thu,thu,1.0,소꿉친구 컴플렉스,소꿉친구 컴플렉스 (총 80화/미완결),총 80화/미완결,80.0,미완결,평점 9.8 | 은하이 은하이 | 2026.06.17. | 총80화/미완결 | 76화 무료,평점 9.8 | 은하이 은하이 | 2026.06.17. | 총80화/미완결 | 76화 무료,https://series.naver.com/comic/detail.series?productNo=10851069,10851069,"소꿉친구 컴플렉스 (총 80화/미완결)
평점
9.8 | 은하이 은하이 | 2026.06.17. | 총80화/미완결 | 76화 무료
20살에 20년지기, 평생을 함께한 소꿉친구 하늘과 민철.그런 소꿉친구의 알고 싶지 않은 은밀한 사정을 알아버렸다?!서로를 이성으로 생각한 적이 결코 없는 두사람이지만,오해가 오해를 낳고 착각이 착각을 낳는 상황들 속에..",False,True,105,"title_contains,bonus_total_episode_info,bonus_rank_1",review_needed,non_compilation_but_download_not_ok,3,,,not_found,reused_existing_product_no,False,2026-06-29 13:48:27
thu,목,39,당신에게 얽힌 채,https://comic.naver.com/webtoon/list?titleId=849879&tab=thu,849879,2026-06-29 13:06:12,,True,login_or_adult_required,,thu,thu,1.0,당신에게 얽힌 채,당신에게 얽힌 채 (총 10화/미완결),총 10화/미완결,10.0,미완결,"평점 10.0 | Nicole Knight, 유다 danah789 | 2026.06.17. | 총10화/미완결 | 5화 무료","평점 10.0 | Nicole Knight, 유다 danah789 | 2026.06.17. | 총10화/미완결 | 5화 무료",https://series.naver.com/comic/detail.series?productNo=14041685,14041685,"당신에게 얽힌 채 (총 10화/미완결)
평점
10.0 | Nicole Knight, 유다 danah789 | 2026.06.17. | 총10화/미완결 | 5화 무료
상속자가 아닌 복종하는 존재로 길러진 에이바 모레티. 뉴욕에서 가장 강력한 마피아 가문의 막내딸인 그녀는 ‘집안의 사고뭉치’라는 오명을 벗고 자신의 자리를 찾기 위해 분투한다.그러던 어느 날 밤, 낯선 남자와 보낸 뜨..",False,True,105,"title_contains,bonus_total_episode_info,bonus_rank_1",review_needed,non_compilation_but_download_not_ok,1,,,not_found,reused_existing_product_no,False,2026-06-29 13:48:27
thu,목,74,휴먼 웨어러블,https://comic.naver.com/webtoon/list?titleId=845460&tab=thu,845460,2026-06-29 13:06:14,,True,login_or_adult_required,,thu,thu,1.0,휴먼 웨어러블,휴먼 웨어러블 (총 30화/미완결),총 30화/미완결,30.0,미완결,평점 9.9 | 쥬타인 쥬타인 | 2026.06.03. | 총30화/미완결 | 27화 무료,평점 9.9 | 쥬타인 쥬타인 | 2026.06.03. | 총30화/미완결 | 27화 무료,https://series.naver.com/comic/detail.series?productNo=13481722,13481722,"휴먼 웨어러블 (총 30화/미완결)
평점
9.9 | 쥬타인 쥬타인 | 2026.06.03. | 총30화/미완결 | 27화 무료
꿈의 무대, 패션 서바이벌 <휴먼 웨어러블>.고아 출신이지만 명문 ‘순백패션예술학교’를 거쳐 올라온 학생들.이 무대에서 인생 역전의 주인공이 탄생한다—…그런데 무언가, 이상하게 흘러가기 시작했다.",False,True,105,"title_contains,bonus_total_episode_info,bonus_rank_1",review_needed,non_compilation_but_download_not_ok,1,,,not_found,reused_existing_product_no,False,2026-06-29 13:48:27
thu,목,102,운명해주세요,https://comic.naver.com/webtoon/list?titleId=835004&tab=thu,835004,2026-06-29 13:06:14,,True,login_or_adult_required,,thu,thu,1,운명해주세요,운명해주세요 (총 53화/미완결),총 53화/미완결,53.0,미완결,평점 10.0 | 노뱀 노뱀 | 2025.12.24. | 총53화/미완결 | 전화 무료,평점 10.0 | 노뱀 노뱀 | 2025.12.24. | 총53화/미완결 | 전화 무료,https://series.naver.com/comic/detail.series?productNo=11990945,11990945,"운명해주세요 (총 53화/미완결)
평점
10.0 | 노뱀 노뱀 | 2025.12.24. | 총53화/미완결 | 전화 무료
무수한 고난을 알코올의 힘으로 씩씩하게 이겨내는 청년 백수 해솔.그런 해솔의 앞에 13년 만에 나타난 수상한 속내의 하현.둘 중 하나가 죽어야만 살 수 있는 해솔과 하현의 저세상 로맨스!",False,True,105,"title_contains,bonus_total_episode_info,bonus_rank_1",matched,first_non_compilation_numeric_download,1,12.7만,127000,ok,searched_series,False,2026-06-29 13:48:27
fri,금,2,오! 나의 교주님,https://comic.naver.com/webtoon/list?titleId=841624&tab=fri,841624,2026-06-29 13:06:15,,True,login_or_adult_required,,"tue,fri","tue,fri",1.0,오! 나의 교주님,오! 나의 교주님 (총 94화/미완결),총 94화/미완결,94.0,미완결,"평점 9.4 | 김꿀빨, 김완두 김꿀빨, 김완두 | 2026.06.18. | 총94화/미완결 | 89화 무료","평점 9.4 | 김꿀빨, 김완두 김꿀빨, 김완두 | 2026.06.18. | 총94화/미완결 | 89화 무료",https://series.naver.com/comic/detail.series?productNo=12998643,12998643,"오! 나의 교주님 (총 94화/미완결)
평점
9.4 | 김꿀빨, 김완두 김꿀빨, 김완두 | 2026.06.18. | 총94화/미완결 | 89화 무료
사이비 종교 ‘진천교’에서 태어나 평생을 그곳에서 살아온 한성민. 그는 결국 모든 것을 잃고 홀로 탈출한다.수년 후, 성인이 된 그는 다시 진천교에 잠입해 처절한 복수를 시작하려 한다.“오, 나의 교주님. 제가 보내드릴게..",False,True,105,"title_contains,bonus_total_episode_info,bonus_rank_1",review_needed,non_compilation_but_download_not_ok,1,,,not_found,reused_existing_product_no,False,2026-06-29 13:48:27
fri,금,8,두 얼굴,https://comic.naver.com/webtoon/list?titleId=845646&tab=fri,845646,2026-06-29 13:06:15,,True,login_or_adult_required,,fri,fri,1.0,두 얼굴의 대표님,두 얼굴의 대표님 (총 126화/완결),총 126화/완결,126.0,완결,"평점 6.2 | 1M, KuaiKan, YY 1M, KuaiKan, YY | 2022.10.02. | 총126화/완결 | 3화 무료","평점 6.2 | 1M, KuaiKan, YY 1M, KuaiKan, YY | 2022.10.02. | 총126화/완결 | 3화 무료",https://series.naver.com/comic/detail.series?productNo=6489984,6489984,"두 얼굴의 대표님 (총 126화/완결)
평점
6.2 | 1M, KuaiKan, YY 1M, KuaiKan, YY | 2022.10.02. | 총126화/완결 | 3화 무료
재벌가의 사생아로 태어난 소원은 일찍 엄마를 잃고, 가족들의 멸시 속에서 살아왔다.그러다 언니에게 약혼자까지 뺏기게 되자, 실의에 빠진 소원은 유학을 떠나게 되고, 그곳에서 평범한 남편을 만나 결혼을 하게 된다.1년 후 ..",False,True,105,"title_contains,bonus_total_episode_info,bonus_rank_1",matched,first_non_compilation_numeric_download,1,157.5만,1575000.0,ok,reused_existing_product_no,False,2026-06-29 13:48:27
fri,금,9,네가 사는 그 집,https://comic.naver.com/webtoon/list?titleId=842465&tab=fri,842465,2026-06-29 13:06:15,,True,login_or_adult_required,,fri,fri,1.0,네가 사는 그 집,네가 사는 그 집 (총 47화/미완결),총 47화/미완결,47.0,미완결,평점 9.7 | 석우 해바다 | 2026.06.18. | 총47화/미완결 | 41화 무료,평점 9.7 | 석우 해바다 | 2026.06.18. | 총47화/미완결 | 41화 무료,https://series.naver.com/comic/detail.series?productNo=13090391,13090391,"네가 사는 그 집 (총 47화/미완결)
평점
9.7 | 석우 해바다 | 2026.06.18. | 총47화/미완결 | 41화 무료
찢어지게 가난한 집에서 두 아이를 키우며 힘겹게 살아가던 30대 화린.어느날, 자기 첫사랑이었던 부유한 선배와 결혼해 행복하게 사는 친구와 몸이 바뀐다.하지만 부러워하던 삶을 얻은 기쁨도 잠시,그 집의 추악한 비밀이 드..",False,True,105,"title_contains,bonus_total_episode_info,bonus_rank_1",review_needed,non_compilation_but_download_not_ok,1,,,not_found,reused_existing_product_no,False,2026-06-29 13:48:27
fri,금,12,그리디,https://comic.naver.com/webtoon/list?titleId=845919&tab=fri,845919,2026-06-29 13:06:15,,True,login_or_adult_required,,fri,fri,1.0,그리디,그리디 (총 31화/미완결),총 31화/미완결,31.0,미완결,평점 9.9 | 영하 랑라리 | 2026.06.18. | 총31화/미완결 | 25화 무료,평점 9.9 | 영하 랑라리 | 2026.06.18. | 총31화/미완결 | 25화 무료,https://series.naver.com/comic/detail.series?productNo=13530624,13530624,"그리디 (총 31화/미완결)
평점
9.9 | 영하 랑라리 | 2026.06.18. | 총31화/미완결 | 25화 무료
파혼했다. 십년지기 친구와 내가 파혼한 남자가 찍힌 청첩장 한 장.한유주는 그걸 끝으로 서른하나에 사랑도 우정도 다 버렸다. 남은 건 칼럼 한 줄에도 이름을 걸 수 없는 5년짜리 패션지 주니어 에디터 신세뿐.일도 사랑도, 마..",False,True,105,"title_contains,bonus_total_episode_info,bonus_rank_1",review_needed,non_compilation_but_download_not_ok,1,,,not_found,reused_existing_product_no,False,2026-06-29 13:48:27
fri,금,32,로맨스 저주,https://comic.naver.com/webtoon/list?titleId=834035&tab=fri,834035,2026-06-29 13:06:16,,True,login_or_adult_required,,fri,fri,1.0,로맨스 저주,로맨스 저주 (총 92화/미완결),총 92화/미완결,92.0,미완결,평점 9.9 | 다원 다원 | 2026.06.18. | 총92화/미완결 | 85화 무료,평점 9.9 | 다원 다원 | 2026.06.18. | 총92화/미완결 | 85화 무료,https://series.naver.com/comic/detail.series?productNo=11824393,11824393,"로맨스 저주 (총 92화/미완결)
평점
9.9 | 다원 다원 | 2026.06.18. | 총92화/미완결 | 85화 무료
희수는 타인을 저주하는 글을 쓰면 현실이 되는 신비한 노트를 택배로 받는다.심지어 저주를 할 때마다 현금이 나온다!희수는 짝사랑하던 남자 현우를 저주해 자신과의 로맨스를 강요한다.하지만 뜻대로 되지 않고, 일이 꼬여..",False,True,105,"title_contains,bonus_total_episode_info,bonus_rank_1",review_needed,non_compilation_but_download_not_ok,2,,,not_found,reused_existing_product_no,False,2026-06-29 13:48:27
fri,금,34,사자의 서,https://comic.naver.com/webtoon/list?titleId=823737&tab=fri,823737,2026-06-29 13:06:16,,True,login_or_adult_required,,fri,fri,2.0,사자의서 [도시정벌 레거시],사자의서 [도시정벌 레거시] (총 219화/완결),총 219화/완결,219.0,완결,평점 9.2 | 신형빈 신형빈 | 2019.11.06. | 총219화/완결 | 5화 무료,평점 9.2 | 신형빈 신형빈 | 2019.11.06. | 총219화/완결 | 5화 무료,https://series.naver.com/comic/detail.series?productNo=2737090,2737090,"사자의서 [도시정벌 레거시] (총 219화/완결)
평점
9.2 | 신형빈 신형빈 | 2019.11.06. | 총219화/완결 | 5화 무료
죽음(死)에서 돌아 온 자. 그가 써내려가는 피의 역사에 도시(都市)가 깨어난다.",False,True,100,"title_contains,bonus_total_episode_info,bonus_rank_2",matched,first_non_compilation_numeric_download,2,121.3만,1213000.0,ok,reused_existing_product_no,False,2026-06-29 13:48:27
fri,금,56,박제,https://comic.naver.com/webtoon/list?titleId=846363&tab=fri,846363,2026-06-29 13:06:17,,True,login_or_adult_required,,fri,fri,2.0,박제하는 시간,박제하는 시간 (총 28화/완결),총 28화/완결,28.0,완결,평점 10.0 | 이언 | 2024.07.19. | 총28화/완결 | 5화 무료,평점 10.0 | 이언 | 2024.07.19. | 총28화/완결 | 5화 무료,https://series.naver.com/comic/detail.series?productNo=10632769,10632769,"박제하는 시간 (총 28화/완결)
평점
10.0 | 이언 | 2024.07.19. | 총28화/완결 | 5화 무료
박제사 ‘도연’은 죽은 연인의 시체를 빼돌린다.이 과정을 목격한 작가 ‘이명’은 침묵의 대가로 도연의 삶을 소재로 요구해 온다.일주일간의 취재를 허락한 도연. 죽은 연인과 꼭 닮은 이명의 모습에 혼란을 느낀다.숲속의 ..",False,True,100,"title_contains,bonus_total_episode_info,bonus_rank_2",matched,first_non_compilation_numeric_download,2,7.2만,72000.0,ok,reused_existing_product_no,False,2026-06-29 13:48:27
fri,금,73,죽여주는 캐스팅,https://comic.naver.com/webtoon/list?titleId=843866&tab=fri,843866,2026-06-29 13:06:17,,True,login_or_adult_required,,fri,fri,1.0,죽여주는 캐스팅 [독점],죽여주는 캐스팅 [독점] (총 42화/미완결),총 42화/미완결,42.0,미완결,평점 9.6 | 영춘 하보 | 2026.06.18. | 총42화/미완결 | 36화 무료,평점 9.6 | 영춘 하보 | 2026.06.18. | 총42화/미완결 | 36화 무료,https://series.naver.com/comic/detail.series?productNo=13253015,13253015,"죽여주는 캐스팅 [독점] (총 42화/미완결)
평점
9.6 | 영춘 하보 | 2026.06.18. | 총42화/미완결 | 36화 무료
영화감상 동호회에서 만난 혜수와 강호.성공한 배우를 꿈꾸는 강호는 오디션과 술자리에 몰두하며 혜수에게 기대어 살아간다.그런 강호를 이해하고자 혜수는 연기 수업을 시작하고 점차 자신의 길을 걷기 시작한다.하지만 강..",False,True,105,"title_contains,bonus_total_episode_info,bonus_rank_1",review_needed,non_compilation_but_download_not_ok,1,,,not_found,reused_existing_product_no,False,2026-06-29 13:48:27
fri,금,78,사탄의 순애,https://comic.naver.com/webtoon/list?titleId=845378&tab=fri,845378,2026-06-29 13:06:17,,True,login_or_adult_required,,fri,fri,1.0,사탄의 순애 [독점],사탄의 순애 [독점] (총 35화/미완결),총 35화/미완결,35.0,미완결,평점 9.8 | 용현 카모모 | 2026.06.18. | 총35화/미완결 | 28화 무료,평점 9.8 | 용현 카모모 | 2026.06.18. | 총35화/미완결 | 28화 무료,https://series.naver.com/comic/detail.series?productNo=13451638,13451638,"사탄의 순애 [독점] (총 35화/미완결)
평점
9.8 | 용현 카모모 | 2026.06.18. | 총35화/미완결 | 28화 무료
초식동물계 대표주자 호구남 백은우 VS 육식동물계 대표주자 차도녀 범호연.정반대의 두 사람은 어쩌다 사귀게 됐을까?“백은우. 나한테 취업해라. 내 애인인 척 딱 1년. 그럼 10억이야.”업계에서 악마로 소문난 아티스트 레..",False,True,105,"title_contains,bonus_total_episode_info,bonus_rank_1",review_needed,non_compilation_but_download_not_ok,1,,,not_found,reused_existing_product_no,False,2026-06-29 13:48:27
fri,금,117,나의 모르는 여자친구,https://comic.naver.com/webtoon/list?titleId=841923&tab=fri,841923,2026-06-29 13:06:19,,True,login_or_adult_required,,fri,fri,1.0,나의 모르는 여자친구,나의 모르는 여자친구 (총 41화/미완결),총 41화/미완결,41.0,미완결,평점 9.9 | 이정빈 이정빈 | 2026.06.04. | 총41화/미완결 | 36화 무료,,https://series.naver.com/comic/detail.series?productNo=13025901,13025901,"나의 모르는 여자친구 (총 41화/미완결)
평점
9.9 | 이정빈 이정빈 | 2026.06.04. | 총41화/미완결 | 36화 무료
눈 떠보니 아이돌의 여자친구가 되어있다?! 평범한 삶을 추구하는 대학생 ‘해나’는 인기 아이돌 ‘은하‘와의 거짓 열애설로 일상에 금이 갈 위기를 맞는다.",False,True,145,"title_contains,author_exact_or_contains,bonus_total_episode_info,bonus_rank_1",matched,first_non_compilation_numeric_download,1,7.8만,78000.0,ok,reused_existing_product_no,False,2026-06-29 13:48:27
sat,토,4,만취남녀,https://comic.naver.com/webtoon/list?titleId=846883&tab=sat,846883,2026-06-29 13:06:19,,True,login_or_adult_required,,sat,sat,1.0,19금 만취남녀,19금 만취남녀 (총 26화/미완결),총 26화/미완결,26.0,미완결,평점 9.7 | 금 금 | 2026.06.12. | 총26화/미완결 | 21화 무료,평점 9.7 | 금 금 | 2026.06.12. | 총26화/미완결 | 21화 무료,https://series.naver.com/comic/detail.series?productNo=13646371,13646371,"19금 만취남녀 (총 26화/미완결)
평점
9.7 | 금 금 | 2026.06.12. | 총26화/미완결 | 21화 무료",False,True,105,"title_contains,bonus_total_episode_info,bonus_rank_1",review_needed,non_compilation_but_download_not_ok,1,,,not_found,reused_existing_product_no,False,2026-06-29 13:48:27
sat,토,5,시든 꽃에 눈물을,https://comic.naver.com/webtoon/list?titleId=827190&tab=sat,827190,2026-06-29 13:06:19,,True,login_or_adult_required,,sat,sat,1.0,시든 꽃에 눈물을,시든 꽃에 눈물을 (총 106화/미완결),총 106화/미완결,106.0,미완결,평점 9.8 | 개 개 | 2026.06.12. | 총106화/미완결 | 100화 무료,평점 9.8 | 개 개 | 2026.06.12. | 총106화/미완결 | 100화 무료,https://series.naver.com/comic/detail.series?productNo=11253061,11253061,"시든 꽃에 눈물을 (총 106화/미완결)
평점
9.8 | 개 개 | 2026.06.12. | 총106화/미완결 | 100화 무료
남편이 불륜을 저질렀다. 엄청난 빚을 떠안기고, 아이를 잃게 한 것으로 모자라, 한참 어린 여자와 제 눈앞에서 몸을 섞었다. 상처 입은 삶은 볼품 없이 시들어 버려질 예정이었다. 그런데-, ""어른의 사랑을 가르쳐 주세요.""나해..",False,True,105,"title_contains,bonus_total_episode_info,bonus_rank_1",review_needed,non_compilation_but_download_not_ok,4,,,not_found,reused_existing_product_no,False,2026-06-29 13:48:27
sat,토,13,둘째에게,https://comic.naver.com/webtoon/list?titleId=845711&tab=sat,845711,2026-06-29 13:06:19,,True,login_or_adult_required,,sat,sat,1.0,둘째에게,둘째에게 (총 32화/미완결),총 32화/미완결,32.0,미완결,평점 10.0 | 고태호 고태호 | 2026.06.12. | 총32화/미완결 | 27화 무료,평점 10.0 | 고태호 고태호 | 2026.06.12. | 총32화/미완결 | 27화 무료,https://series.naver.com/comic/detail.series?productNo=13512084,13512084,"둘째에게 (총 32화/미완결)
평점
10.0 | 고태호 고태호 | 2026.06.12. | 총32화/미완결 | 27화 무료
슬럼프에 시달리고 있는 작가 '이류진'은 자신의 팬이자 조직폭력배 '둘째'와 우연히 엮이게 되고, 슬럼프를 극복하고 싶은 작가와 글쓰는 법을 배우고 싶어하는 조폭은 필요로 인해 서로 교류를 하게 된다.그렇게 교류를 하며 ..",False,True,105,"title_contains,bonus_total_episode_info,bonus_rank_1",review_needed,non_compilation_but_download_not_ok,1,,,not_found,reused_existing_product_no,False,2026-06-29 13:48:27
sat,토,16,데이워커,https://comic.naver.com/webtoon/list?titleId=828880&tab=sat,828880,2026-06-29 13:06:19,,True,login_or_adult_required,,sat,sat,1.0,데이워커,데이워커 (총 94화/미완결),총 94화/미완결,94.0,미완결,평점 9.6 | MUTE MUTE | 2026.06.12. | 총94화/미완결 | 89화 무료,평점 9.6 | MUTE MUTE | 2026.06.12. | 총94화/미완결 | 89화 무료,https://series.naver.com/comic/detail.series?productNo=11433164,11433164,"데이워커 (총 94화/미완결)
평점
9.6 | MUTE MUTE | 2026.06.12. | 총94화/미완결 | 89화 무료
국정원 블랙요원 '수혁'은 한국에 약물을 밀매하는 조직 '나나야구미'의 수장 암살 임무를 받는다.그러나 그 수장은 '안나'란 이름의 싸움과는 연관 없을 법한 매력적인 여자였는데... 이 임무 뭔가 이상하다.자신을 배신한 국정..",False,True,105,"title_contains,bonus_total_episode_info,bonus_rank_1",review_needed,non_compilation_but_download_not_ok,1,,,not_found,reused_existing_product_no,False,2026-06-29 13:48:27
sat,토,37,시한복권,https://comic.naver.com/webtoon/list?titleId=839588&tab=sat,839588,2026-06-29 13:06:20,,True,login_or_adult_required,,sat,sat,1.0,시한복권,시한복권 (총 55화/미완결),총 55화/미완결,55.0,미완결,평점 10.0 | 세모 네모 | 2026.05.29. | 총55화/미완결 | 51화 무료,평점 10.0 | 세모 네모 | 2026.05.29. | 총55화/미완결 | 51화 무료,https://series.naver.com/comic/detail.series?productNo=12681116,12681116,"시한복권 (총 55화/미완결)
평점
10.0 | 세모 네모 | 2026.05.29. | 총55화/미완결 | 51화 무료
완벽한 가족에서 소외된 송준은 집안으로부터 독립을 위해 매일 복권을 구매한다.송준은 소원대로 5억짜리 즉석 복권이 당첨되고 완벽한 가족에게 당첨 사실을 기꺼이 알린다.그런데 보잘것없어 보이는 5억짜리 복권에 목숨..",False,True,105,"title_contains,bonus_total_episode_info,bonus_rank_1",review_needed,non_compilation_but_download_not_ok,1,,,not_found,reused_existing_product_no,False,2026-06-29 13:48:27
sat,토,39,탐:공포단편,https://comic.naver.com/webtoon/list?titleId=846556&tab=sat,846556,2026-06-29 13:06:20,,True,login_or_adult_required,,"wed,sat","wed,sat",1.0,탐:공포단편,탐:공포단편 (총 53화/미완결),총 53화/미완결,53.0,미완결,평점 9.1 | 주폴 공 | 2026.06.09. | 총53화/미완결 | 47화 무료,평점 9.1 | 주폴 공 | 2026.06.09. | 총53화/미완결 | 47화 무료,https://series.naver.com/comic/detail.series?productNo=13584339,13584339,"탐:공포단편 (총 53화/미완결)
평점
9.1 | 주폴 공 | 2026.06.09. | 총53화/미완결 | 47화 무료
탐은 안에서 자란다. 그리고 언젠가는 얼굴을 드러낸다. 당신이 고른 그 이야기 속에는 무엇이 기다릴까?",False,True,105,"title_contains,bonus_total_episode_info,bonus_rank_1",review_needed,non_compilation_but_download_not_ok,1,,,not_found,reused_existing_product_no,False,2026-06-29 13:48:27
sat,토,42,연애 못하면 죽음!,https://comic.naver.com/webtoon/list?titleId=846662&tab=sat,846662,2026-06-29 13:06:20,,True,login_or_adult_required,,sat,sat,1.0,연애 못하면 죽음!,연애 못하면 죽음! (총 31화/미완결),총 31화/미완결,31.0,미완결,평점 9.8 | 우연희 pusna | 2026.06.12. | 총31화/미완결 | 23화 무료,평점 9.8 | 우연희 pusna | 2026.06.12. | 총31화/미완결 | 23화 무료,https://series.naver.com/comic/detail.series?productNo=13633976,13633976,"연애 못하면 죽음! (총 31화/미완결)
평점
9.8 | 우연희 pusna | 2026.06.12. | 총31화/미완결 | 23화 무료
똥차들과의 망한 연애로 인해사랑, 연애에 부정적인 30대가 된 워커홀릭 문주경은어느날 우연히 '금방 사랑에 빠지는' 저주에 걸리게 된다.마음에 드는 상대에게 다짜고짜 고백부터 하게 되는 끔찍한 저주.사랑에 빠지기를 거..",False,True,105,"title_contains,bonus_total_episode_info,bonus_rank_1",review_needed,non_compilation_but_download_not_ok,1,,,not_found,reused_existing_product_no,False,2026-06-29 13:48:27
sat,토,80,데스루프,https://comic.naver.com/webtoon/list?titleId=852086&tab=sat,852086,2026-06-29 13:06:21,,True,login_or_adult_required,,sat,sat,1,데스루프,데스루프 (총 6화/미완결),총 6화/미완결,6.0,미완결,평점 8.3 | 은삼 은삼 | 2026.06.26. | 총6화/미완결 | 1화 무료,평점 8.3 | 은삼 은삼 | 2026.06.26. | 총6화/미완결 | 1화 무료,https://series.naver.com/comic/detail.series?productNo=14366954,14366954,"데스루프 (총 6화/미완결)
평점
8.3 | 은삼 은삼 | 2026.06.26. | 총6화/미완결 | 1화 무료
정신을 차려 보니 지하 창고에 갇힌 주인공 홍연화.연화는 자신을 가둔 남성에게 여러 번 끔찍한 죽음을 맞이하지만, 계속해서 시간이 반복된다.겨우 그곳을 빠져나오지만 그녀 앞에 마주한 것은 끔찍하게 생긴 괴물.과연 그녀..",False,True,105,"title_contains,bonus_total_episode_info,bonus_rank_1",review_needed,non_compilation_but_download_not_ok,1,,,not_found,searched_series,False,2026-06-29 13:48:27
sun,일,4,2회차 환관이 남성을 되찾음,https://comic.naver.com/webtoon/list?titleId=832566&tab=sun,832566,2026-06-29 13:06:23,,True,login_or_adult_required,,sun,sun,1.0,2회차 환관이 남성을 되찾음,2회차 환관이 남성을 되찾음 (총 93화/미완결),총 93화/미완결,93.0,미완결,"평점 9.6 | LICO, 노빠꾸맨 포스 스튜디오 | 2026.06.13. | 총93화/미완결 | 89화 무료","평점 9.6 | LICO, 노빠꾸맨 포스 스튜디오 | 2026.06.13. | 총93화/미완결 | 89화 무료",https://series.naver.com/comic/detail.series?productNo=11636787,11636787,"2회차 환관이 남성을 되찾음 (총 93화/미완결)
평점
9.6 | LICO, 노빠꾸맨 포스 스튜디오 | 2026.06.13. | 총93화/미완결 | 89화 무료
제국의 국정을 마음대로 주무르는 비선실세 환관, 이철수.절대 권력에 돈 많고, 무공까지 강하지만.. 그게 무슨 의미가 있지? '그걸' 못하는데!!환생대법을 통해, 고자가 되기 전으로 회귀한 철수의 목표는 하나다.알파메일이 되..",False,True,105,"title_contains,bonus_total_episode_info,bonus_rank_1",review_needed,non_compilation_but_download_not_ok,1,,,not_found,reused_existing_product_no,False,2026-06-29 13:48:27
sun,일,6,시루/24/1km,https://comic.naver.com/webtoon/list?titleId=850068&tab=sun,850068,2026-06-29 13:06:23,,True,login_or_adult_required,,sun,sun,1.0,19금 시루/24/1km,19금 시루/24/1km (총 12화/미완결),총 12화/미완결,12.0,미완결,평점 10.0 | 6M 941 | 2026.06.13. | 총12화/미완결 | 7화 무료,평점 10.0 | 6M 941 | 2026.06.13. | 총12화/미완결 | 7화 무료,https://series.naver.com/comic/detail.series?productNo=14081030,14081030,"19금 시루/24/1km (총 12화/미완결)
평점
10.0 | 6M 941 | 2026.06.13. | 총12화/미완결 | 7화 무료",False,True,105,"title_contains,bonus_total_episode_info,bonus_rank_1",review_needed,non_compilation_but_download_not_ok,1,,,not_found,reused_existing_product_no,False,2026-06-29 13:48:27
sun,일,8,어린 아내와 나쁜 짓,https://comic.naver.com/webtoon/list?titleId=851385&tab=sun,851385,2026-06-29 13:06:23,,True,login_or_adult_required,,sun,sun,1.0,어린 아내와 나쁜 짓,어린 아내와 나쁜 짓 (총 8화/미완결),총 8화/미완결,8.0,미완결,"평점 9.9 | 이리와, 무멘 83 | 2026.06.13. | 총8화/미완결 | 2화 무료","평점 9.9 | 이리와, 무멘 83 | 2026.06.13. | 총8화/미완결 | 2화 무료",https://series.naver.com/comic/detail.series?productNo=14245757,14245757,"어린 아내와 나쁜 짓 (총 8화/미완결)
평점
9.9 | 이리와, 무멘 83 | 2026.06.13. | 총8화/미완결 | 2화 무료
절망의 끝에서 나를 구원해준 남자, 범도건.작고 지켜야할 애기님이라며 내 고백을 짓밞았던 그때와는 다르게...이 남자, 남편 역할을 해도 너무 잘한다.낮에는 세상 든든한 보호자이던 그가 밤만 되면 맹수처럼 집착하며 나를 ..",False,True,105,"title_contains,bonus_total_episode_info,bonus_rank_1",review_needed,non_compilation_but_download_not_ok,1,,,not_found,reused_existing_product_no,False,2026-06-29 13:48:27
sun,일,12,유쾌한 신,https://comic.naver.com/webtoon/list?titleId=846053&tab=sun,846053,2026-06-29 13:06:23,,True,login_or_adult_required,,"wed,sun","wed,sun",2.0,당신의 유쾌한 주말,당신의 유쾌한 주말 (총 19화/미완결),총 19화/미완결,19.0,미완결,평점 9.4 | 김수영 김수영 | 2010.04.20. | 총19화/미완결,평점 9.4 | 김수영 김수영 | 2010.04.20. | 총19화/미완결,https://series.naver.com/comic/detail.series?productNo=57402,57402,"당신의 유쾌한 주말 (총 19화/미완결)
평점
9.4 | 김수영 김수영 | 2010.04.20. | 총19화/미완결
화창한 토욜 인형을 잔뜩 가지고 나온 남자는 오는 손님 쫓고 가는 손님은 거들 떠 보지도 않는다. 사실 이 남자는 인형 만들기에 빠져 연재가 짤린 만화가였으니...",False,True,30,"bonus_total_episode_info,bonus_rank_2",matched,first_non_compilation_numeric_download,2,3.8천,3800.0,ok,reused_existing_product_no,False,2026-06-29 13:48:27
sun,일,44,서바이브,https://comic.naver.com/webtoon/list?titleId=838594&tab=sun,838594,2026-06-29 13:06:24,,True,login_or_adult_required,,sun,sun,2.0,연금술 무인도 서바이브,연금술 무인도 서바이브 (총 42화/완결),총 42화/완결,42.0,완결,"평점 9.9 | 호시 렌지,이구치 콘 호시 렌지 | 2025.02.24. | 총42화/완결 | 1화 무료","평점 9.9 | 호시 렌지,이구치 콘 호시 렌지 | 2025.02.24. | 총42화/완결 | 1화 무료",https://series.naver.com/comic/detail.series?productNo=10375934,10375934,"연금술 무인도 서바이브 (총 42화/완결)
평점
9.9 | 호시 렌지,이구치 콘 호시 렌지 | 2025.02.24. | 총42화/완결 | 1화 무료
항행 중 사고를 당한 연금술사 니코, 요리사 진, 포로남 셋이 표착한 곳은…… 지도에도 표시돼 있지 않은 무인도였다! 「무인도에서 처음으로 해야 할 일은?」, 「물 확보는 어떻게?」, 「식량 수집의 포인트는?」 살아남기 ..",False,True,100,"title_contains,bonus_total_episode_info,bonus_rank_2",matched,first_non_compilation_numeric_download,2,5.6천,5600.0,ok,reused_existing_product_no,False,2026-06-29 13:48:27
sun,일,46,화스트 페이스,https://comic.naver.com/webtoon/list?titleId=847905&tab=sun,847905,2026-06-29 13:06:24,,True,login_or_adult_required,,sun,sun,1.0,화스트 페이스,화스트 페이스 (총 24화/미완결),총 24화/미완결,24.0,미완결,평점 9.9 | NO_Teamkill NO_Teamkill | 2026.06.13. | 총24화/미완결 | 20화 무료,평점 9.9 | NO_Teamkill NO_Teamkill | 2026.06.13. | 총24화/미완결 | 20화 무료,https://series.naver.com/comic/detail.series?productNo=13750354,13750354,"화스트 페이스 (총 24화/미완결)
평점
9.9 | NO_Teamkill NO_Teamkill | 2026.06.13. | 총24화/미완결 | 20화 무료
화스트 페이스! 상황 발생! 상황 발생!현재 적 대규모 도발로 인해 준전시상태 돌입!전 병력 전투 장비 구비하고 즉각 출동 준비할 수 있도록!제1부 화스트페이스!제2부 20XX년 XX월 XX일 21시44분!제3부 발령권자 군단장!..",False,True,105,"title_contains,bonus_total_episode_info,bonus_rank_1",review_needed,non_compilation_but_download_not_ok,1,,,not_found,reused_existing_product_no,False,2026-06-29 13:48:27
sun,일,79,사내 계약 연애,https://comic.naver.com/webtoon/list?titleId=842148&tab=sun,842148,2026-06-29 13:06:25,,True,login_or_adult_required,,sun,sun,1.0,사내 계약 연애,사내 계약 연애 (총 48화/미완결),총 48화/미완결,48.0,미완결,"평점 9.9 | 최무탁, 미리엄 울 | 2026.06.13. | 총48화/미완결 | 42화 무료","평점 9.9 | 최무탁, 미리엄 울 | 2026.06.13. | 총48화/미완결 | 42화 무료",https://series.naver.com/comic/detail.series?productNo=13046250,13046250,"사내 계약 연애 (총 48화/미완결)
평점
9.9 | 최무탁, 미리엄 울 | 2026.06.13. | 총48화/미완결 | 42화 무료
예쁘고 잘생긴 것, '미'를 애정하는 서윤.그리고 그런 그녀가 더 애정하는 것은바로 미의 남녀가 서로를 사랑스럽게 탐하는 19금 만화책!그런데 이 미적 추구미에 도달하는 남자가가장 가까이에 그녀의 직속 상사로 있었으니.....",False,True,105,"title_contains,bonus_total_episode_info,bonus_rank_1",matched,first_non_compilation_numeric_download,1,51.5만,515000.0,ok,reused_existing_product_no,False,2026-06-29 13:48:27
sun,일,83,나는 참지 못한다,https://comic.naver.com/webtoon/list?titleId=823476&tab=sun,823476,2026-06-29 13:06:25,,True,login_or_adult_required,,sun,sun,1.0,나는 참지 못한다,나는 참지 못한다 (총 115화/미완결),총 115화/미완결,115.0,미완결,평점 10.0 | 성현 성현 | 2026.06.13. | 총115화/미완결 | 111화 무료,평점 10.0 | 성현 성현 | 2026.06.13. | 총115화/미완결 | 111화 무료,https://series.naver.com/comic/detail.series?productNo=10970308,10970308,"나는 참지 못한다 (총 115화/미완결)
평점
10.0 | 성현 성현 | 2026.06.13. | 총115화/미완결 | 111화 무료
평범한 회사원 김연지는 교통사고 이후 변화를 겪게 된다.스트레스가 폭발하면 아무것도 참지 못하는 상태가 되고 만다.계속 일어나는 통제불능 사건들, 자신에게 접근하는 의문의 남성 민성훈.사건은 커지고 일상은 꼬여만 가..",False,True,105,"title_contains,bonus_total_episode_info,bonus_rank_1",review_needed,non_compilation_but_download_not_ok,1,,,not_found,reused_existing_product_no,False,2026-06-29 13:48:27
sun,일,91,죽거나 혹은 사랑에 빠지거나,https://comic.naver.com/webtoon/list?titleId=819696&tab=sun,819696,2026-06-29 13:06:26,,True,login_or_adult_required,,sun,sun,1.0,죽거나 혹은 사랑에 빠지거나,죽거나 혹은 사랑에 빠지거나 (총 128화/미완결),총 128화/미완결,128.0,미완결,평점 9.8 | 허니비 허니비 | 2026.06.13. | 총128화/미완결 | 122화 무료,평점 9.8 | 허니비 허니비 | 2026.06.13. | 총128화/미완결 | 122화 무료,https://series.naver.com/comic/detail.series?productNo=10555314,10555314,"죽거나 혹은 사랑에 빠지거나 (총 128화/미완결)
평점
9.8 | 허니비 허니비 | 2026.06.13. | 총128화/미완결 | 122화 무료
아름다운 도시 루베른에서 일어나는 의문의 연쇄살인 사건. 조용하고 눈에 띄지 않는 이자벨라에게 살인마의 초대장이 전달되는데.. 목숨을 건 15일간의 내기. 절대 어떤 쾌락과 환상에도 사랑에 빠져서는 안 된다.",False,True,105,"title_contains,bonus_total_episode_info,bonus_rank_1",review_needed,non_compilation_but_download_not_ok,2,,,not_found,reused_existing_product_no,False,2026-06-29 13:48:27
